Transaction Hash,Status,Method,BlockNo,DateTime (UTC),From,From_Nametag,To,To_Nametag,Amount,Value (USD),Token
"0x5cd7df62ccb93031781a587cf5082bffe930deb4d692339fb648fc7d98305830","Success","Trade","84960187","2026-04-01 10:46:51","0x751a2b86cab503496efd325c8344e10159349ea1","Polymarket: Sharky6999","0x4bfb41d5b3570defd03c39a9a4d8de6bd8b8982e","Polymarket: CTF Exchange","499.5","$499.50","USD Coin (PoS)(USDC.e)"
"0xdd12f76c2657d75f4af12257e5dda2d7b4a576a82dc0274b8e7a9fd55ce07d05","Success","Trade","84959726","2026-04-01 10:31:29","0x751a2b86cab503496efd325c8344e10159349ea1","Polymarket: Sharky6999","0x4bfb41d5b3570defd03c39a9a4d8de6bd8b8982e","Polymarket: CTF Exchange","41.06889","$41.07","USD Coin (PoS)(USDC.e)"
"0xcbcbd31364e67e7f484ba7851a3c05068eb8396ae1b9f20407d3c4e549f98f00","Success","Trade","84959719","2026-04-01 10:31:15","0x751a2b86cab503496efd325c8344e10159349ea1","Polymarket: Sharky6999","0x4bfb41d5b3570defd03c39a9a4d8de6bd8b8982e","Polymarket: CTF Exchange","7.60239","$7.60","USD Coin (PoS)(USDC.e)"
"0x89127a5ea54ec1586e4659bca3410ec9f7a1168cee9567170f5d823bed29c847","Success","Trade","84959702","2026-04-01 10:30:41","0x751a2b86cab503496efd325c8344e10159349ea1","Polymarket: Sharky6999","0x4bfb41d5b3570defd03c39a9a4d8de6bd8b8982e","Polymarket: CTF Exchange","11.2167","$11.22","USD Coin (PoS)(USDC.e)"
"0x3d0becea82573355dc58c5435d1e9d1da092c556db6c503a5f66b79fcff83696","Success","Trade","84959694","2026-04-01 10:30:25","0x751a2b86cab503496efd325c8344e10159349ea1","Polymarket: Sharky6999","0x4bfb41d5b3570defd03c39a9a4d8de6bd8b8982e","Polymarket: CTF Exchange","6,993","$6,993.00","USD Coin (PoS)(USDC.e)"
"0x0109c44c9c788bdc1b62aa42d9b3de40b5534c7eb8c4a6e78c05c7df071b5458","Success","Trade","84959694","2026-04-01 10:30:25","0x751a2b86cab503496efd325c8344e10159349ea1","Polymarket: Sharky6999","0x4bfb41d5b3570defd03c39a9a4d8de6bd8b8982e","Polymarket: CTF Exchange","3,826.17","$3,826.17","USD Coin (PoS)(USDC.e)"
"0x4cd843c3eda8928985d6898062003e56d3a163a858d7dc9a575e5320121c7c5e","Success","Trade","84959691","2026-04-01 10:30:19","0x751a2b86cab503496efd325c8344e10159349ea1","Polymarket: Sharky6999","0x4bfb41d5b3570defd03c39a9a4d8de6bd8b8982e","Polymarket: CTF Exchange","11.5038","$11.50","USD Coin (PoS)(USDC.e)"
"0xd758a28766abd94c44da9f41a131c87715d69f406a61d376d250b0ff34cd356f","Success","Trade","84959686","2026-04-01 10:30:09","0x751a2b86cab503496efd325c8344e10159349ea1","Polymarket: Sharky6999","0x4bfb41d5b3570defd03c39a9a4d8de6bd8b8982e","Polymarket: CTF Exchange","4.8609","$4.86","USD Coin (PoS)(USDC.e)"
"0xb60bab003de8de2fa32a7600f3d3fb15b85f599d6b82710b388a9702923d8c69","Success","Trade","84959685","2026-04-01 10:30:07","0x751a2b86cab503496efd325c8344e10159349ea1","Polymarket: Sharky6999","0x4bfb41d5b3570defd03c39a9a4d8de6bd8b8982e","Polymarket: CTF Exchange","9.2664","$9.27","USD Coin (PoS)(USDC.e)"
"0x198ad2a9581c98759c90c1782a854fac896c0e0d342c8749d28f7f96bae0ca7e","Success","Trade","84959684","2026-04-01 10:30:05","0x751a2b86cab503496efd325c8344e10159349ea1","Polymarket: Sharky6999","0x4bfb41d5b3570defd03c39a9a4d8de6bd8b8982e","Polymarket: CTF Exchange","1.7127","$1.71","USD Coin (PoS)(USDC.e)"
"0x0d2689be67070abe3c97713e7ad31a7566af767da069182eca10f300cc461795","Success","Trade","84959684","2026-04-01 10:30:05","0x751a2b86cab503496efd325c8344e10159349ea1","Polymarket: Sharky6999","0x4bfb41d5b3570defd03c39a9a4d8de6bd8b8982e","Polymarket: CTF Exchange","4.8213","$4.82","USD Coin (PoS)(USDC.e)"
"0xcc3b773c3b8dcb84a6440d98e99bbe51f11bce8276047b1c27b30f4c3c1a347a","Success","Trade","84959683","2026-04-01 10:30:03","0x751a2b86cab503496efd325c8344e10159349ea1","Polymarket: Sharky6999","0x4bfb41d5b3570defd03c39a9a4d8de6bd8b8982e","Polymarket: CTF Exchange","38.0754","$38.08","USD Coin (PoS)(USDC.e)"
"0xbfc7ff0f1aa1f3ff3e16b783c6ca335a804d2c9bbbf19f3c694983d5f2585398","Success","Trade","84959683","2026-04-01 10:30:03","0x751a2b86cab503496efd325c8344e10159349ea1","Polymarket: Sharky6999","0x4bfb41d5b3570defd03c39a9a4d8de6bd8b8982e","Polymarket: CTF Exchange","41.2434","$41.24","USD Coin (PoS)(USDC.e)"
"0x9a78f26504ed09d312906050e15168a9a865feafd160067783252e61d48a6696","Success","Trade","84959683","2026-04-01 10:30:03","0x751a2b86cab503496efd325c8344e10159349ea1","Polymarket: Sharky6999","0x4bfb41d5b3570defd03c39a9a4d8de6bd8b8982e","Polymarket: CTF Exchange","118.8","$118.80","USD Coin (PoS)(USDC.e)"
"0xda34e9dc73183fa269c8830c940e60204c1998548af428bd84c1f8cd5347cbc9","Success","Trade","84959683","2026-04-01 10:30:03","0x751a2b86cab503496efd325c8344e10159349ea1","Polymarket: Sharky6999","0x4bfb41d5b3570defd03c39a9a4d8de6bd8b8982e","Polymarket: CTF Exchange","109.9989","$110.00","USD Coin (PoS)(USDC.e)"
"0xe8ec6d61633581c27953d89a5dbf9917b590c468c92ce758cf61e804ed2d2f79","Success","Trade","84959683","2026-04-01 10:30:03","0x751a2b86cab503496efd325c8344e10159349ea1","Polymarket: Sharky6999","0x4bfb41d5b3570defd03c39a9a4d8de6bd8b8982e","Polymarket: CTF Exchange","36.6597","$36.66","USD Coin (PoS)(USDC.e)"
"0xe1a4c0d3906626def4fb6a7e467733816e960d43f9e8501cb7fa437fe05d9698","Success","Trade","84959683","2026-04-01 10:30:03","0x751a2b86cab503496efd325c8344e10159349ea1","Polymarket: Sharky6999","0x4bfb41d5b3570defd03c39a9a4d8de6bd8b8982e","Polymarket: CTF Exchange","49.5","$49.50","USD Coin (PoS)(USDC.e)"
"0x9aec3b83801c5ce70a838e5baa1de26dd7fe503bad93852369ca8a617ba889db","Success","Trade","84959683","2026-04-01 10:30:03","0x751a2b86cab503496efd325c8344e10159349ea1","Polymarket: Sharky6999","0x4bfb41d5b3570defd03c39a9a4d8de6bd8b8982e","Polymarket: CTF Exchange","115.83","$115.83","USD Coin (PoS)(USDC.e)"
"0xfaac47df4c035a15a5eda47dbdfa3712f979a9f86fc406c64091856349911b42","Success","Trade","84959683","2026-04-01 10:30:03","0x751a2b86cab503496efd325c8344e10159349ea1","Polymarket: Sharky6999","0x4bfb41d5b3570defd03c39a9a4d8de6bd8b8982e","Polymarket: CTF Exchange","193.05","$193.05","USD Coin (PoS)(USDC.e)"
"0x5feb2be4132b63b38540d3494d50489d068d29229384900a1854a6422444cdb6","Success","Trade","84959683","2026-04-01 10:30:03","0x751a2b86cab503496efd325c8344e10159349ea1","Polymarket: Sharky6999","0x4bfb41d5b3570defd03c39a9a4d8de6bd8b8982e","Polymarket: CTF Exchange","435.2249","$435.22","USD Coin (PoS)(USDC.e)"
"0x026982c535d86c7e11679959d6b627f8311e0b877bfb659aeca7115ef7bc48e8","Success","Trade","84959134","2026-04-01 10:11:45","0xe3f18acc55091e2c48d883fc8c8413319d4ab7b0","Polymarket: Fee Module","0x751a2b86cab503496efd325c8344e10159349ea1","Polymarket: Sharky6999","0.002775","$0.00","USD Coin (PoS)(USDC.e)"
"0x026982c535d86c7e11679959d6b627f8311e0b877bfb659aeca7115ef7bc48e8","Success","Trade","84959134","2026-04-01 10:11:45","0x4bfb41d5b3570defd03c39a9a4d8de6bd8b8982e","Polymarket: CTF Exchange","0x751a2b86cab503496efd325c8344e10159349ea1","Polymarket: Sharky6999","27.719475","$27.72","USD Coin (PoS)(USDC.e)"
"0x804b4714b403498d5cb5b199699bf53e342ac53c6e8f13744f84d6391a0fed70","Success","Trade","84958796","2026-04-01 10:00:29","0x751a2b86cab503496efd325c8344e10159349ea1","Polymarket: Sharky6999","0x4bfb41d5b3570defd03c39a9a4d8de6bd8b8982e","Polymarket: CTF Exchange","10.89","$10.89","USD Coin (PoS)(USDC.e)"
"0x916e3c3056a13d271465c83f99b583dceb574626ff6125f1e87d131a28cba0bb","Success","Trade","84958795","2026-04-01 10:00:27","0x751a2b86cab503496efd325c8344e10159349ea1","Polymarket: Sharky6999","0x4bfb41d5b3570defd03c39a9a4d8de6bd8b8982e","Polymarket: CTF Exchange","1.1484","$1.15","USD Coin (PoS)(USDC.e)"
"0x50e27a90611c5f9b20061190314609546e9a1a9a3e768375932138a0e23e44ae","Success","Trade","84958795","2026-04-01 10:00:27","0x751a2b86cab503496efd325c8344e10159349ea1","Polymarket: Sharky6999","0x4bfb41d5b3570defd03c39a9a4d8de6bd8b8982e","Polymarket: CTF Exchange","1.98","$1.98","USD Coin (PoS)(USDC.e)"
"0xc960f9b99f07393753f4ceb438f41ed6d22ba0eff1214222ab254eed47431ff6","Success","Trade","84958794","2026-04-01 10:00:25","0x751a2b86cab503496efd325c8344e10159349ea1","Polymarket: Sharky6999","0x4bfb41d5b3570defd03c39a9a4d8de6bd8b8982e","Polymarket: CTF Exchange","1.98","$1.98","USD Coin (PoS)(USDC.e)"
"0xe37d3332b5ff2df6bf675fb3b50d208a6eae4fe208def28f706ac6a3f0f3ad63","Success","Trade","84958794","2026-04-01 10:00:25","0x751a2b86cab503496efd325c8344e10159349ea1","Polymarket: Sharky6999","0x4bfb41d5b3570defd03c39a9a4d8de6bd8b8982e","Polymarket: CTF Exchange","1.98","$1.98","USD Coin (PoS)(USDC.e)"
"0xd4100d6ff338645568fe35236a9b970627ed6d96e69e2f91927bbe6415837d4a","Success","Trade","84958794","2026-04-01 10:00:25","0x751a2b86cab503496efd325c8344e10159349ea1","Polymarket: Sharky6999","0x4bfb41d5b3570defd03c39a9a4d8de6bd8b8982e","Polymarket: CTF Exchange","1.98","$1.98","USD Coin (PoS)(USDC.e)"
"0xab7475f3368fa104965811d621a209136c8314c20b3e3183d4a1f40caa884949","Success","Trade","84958791","2026-04-01 10:00:19","0x751a2b86cab503496efd325c8344e10159349ea1","Polymarket: Sharky6999","0x4bfb41d5b3570defd03c39a9a4d8de6bd8b8982e","Polymarket: CTF Exchange","1.98","$1.98","USD Coin (PoS)(USDC.e)"
"0x56066bfc08026b0d90452c301f8f5e9ea158432431d6bde82523c3d041603fcc","Success","Trade","84958790","2026-04-01 10:00:17","0x751a2b86cab503496efd325c8344e10159349ea1","Polymarket: Sharky6999","0x4bfb41d5b3570defd03c39a9a4d8de6bd8b8982e","Polymarket: CTF Exchange","11.6028","$11.60","USD Coin (PoS)(USDC.e)"
"0xb8e4c1d2c4f4dcd67ea3307dfa137cfa9d33292e0dfd33495bf49d37159b4257","Success","Trade","84958786","2026-04-01 10:00:09","0x751a2b86cab503496efd325c8344e10159349ea1","Polymarket: Sharky6999","0x4bfb41d5b3570defd03c39a9a4d8de6bd8b8982e","Polymarket: CTF Exchange","4.95","$4.95","USD Coin (PoS)(USDC.e)"
"0x6e4fc0184c18a6415c0e9ca22c3a7b3e92641b4315a37a57232cfb608542b348","Success","Trade","84958783","2026-04-01 10:00:03","0x751a2b86cab503496efd325c8344e10159349ea1","Polymarket: Sharky6999","0x4bfb41d5b3570defd03c39a9a4d8de6bd8b8982e","Polymarket: CTF Exchange","356.4","$356.40","USD Coin (PoS)(USDC.e)"
"0xf12f8bc41c443f1ddd5e78b6809c20ba54dd96a31d8012a52bfd8d4754cefa4f","Success","Trade","84958783","2026-04-01 10:00:03","0x751a2b86cab503496efd325c8344e10159349ea1","Polymarket: Sharky6999","0x4bfb41d5b3570defd03c39a9a4d8de6bd8b8982e","Polymarket: CTF Exchange","59.1144","$59.11","USD Coin (PoS)(USDC.e)"
"0x98a6e27773a0b62761efb05e2cae663f5c72451affc604bab550504309d8f35e","Success","Trade","84958783","2026-04-01 10:00:03","0x751a2b86cab503496efd325c8344e10159349ea1","Polymarket: Sharky6999","0x4bfb41d5b3570defd03c39a9a4d8de6bd8b8982e","Polymarket: CTF Exchange","2.1978","$2.20","USD Coin (PoS)(USDC.e)"
"0xa2d327273de4394f856ef7da5408692c12b3664ee0601d470c4667c8628e4860","Success","Trade","84958783","2026-04-01 10:00:03","0x751a2b86cab503496efd325c8344e10159349ea1","Polymarket: Sharky6999","0x4bfb41d5b3570defd03c39a9a4d8de6bd8b8982e","Polymarket: CTF Exchange","4.851","$4.85","USD Coin (PoS)(USDC.e)"
"0x2447fb5f0225534f7b69fa486f3d6a1b4ea745ac64a1c1d6e8f4056dcb73612c","Success","Trade","84958048","2026-04-01 09:35:33","0x751a2b86cab503496efd325c8344e10159349ea1","Polymarket: Sharky6999","0x4bfb41d5b3570defd03c39a9a4d8de6bd8b8982e","Polymarket: CTF Exchange","158.3703","$158.37","USD Coin (PoS)(USDC.e)"
"0x0111e3e71e8f3a1d550deaac05f64e6fcde675a232058dd05679491a85552157","Success","Trade","84958048","2026-04-01 09:35:33","0x751a2b86cab503496efd325c8344e10159349ea1","Polymarket: Sharky6999","0x4bfb41d5b3570defd03c39a9a4d8de6bd8b8982e","Polymarket: CTF Exchange","416.4039","$416.40","USD Coin (PoS)(USDC.e)"
"0x4e99de44f8e5e0ff22673c8a6bc37b1ff2a4e1af4dfe37d0b3f350d92e0e8a44","Success","Trade","84958047","2026-04-01 09:35:31","0x751a2b86cab503496efd325c8344e10159349ea1","Polymarket: Sharky6999","0x4bfb41d5b3570defd03c39a9a4d8de6bd8b8982e","Polymarket: CTF Exchange","6.3756","$6.38","USD Coin (PoS)(USDC.e)"
"0x97480d54d76369c992338022b20903211dc72df3acfb3755012eb525ddb9a91f","Success","Trade","84958047","2026-04-01 09:35:31","0x751a2b86cab503496efd325c8344e10159349ea1","Polymarket: Sharky6999","0x4bfb41d5b3570defd03c39a9a4d8de6bd8b8982e","Polymarket: CTF Exchange","4.9995","$5.00","USD Coin (PoS)(USDC.e)"
"0x1b9d40c9cbd16c20fa8b36469b53642b0751a2988823ba81d2259507ffc72075","Success","Trade","84958046","2026-04-01 09:35:29","0x751a2b86cab503496efd325c8344e10159349ea1","Polymarket: Sharky6999","0x4bfb41d5b3570defd03c39a9a4d8de6bd8b8982e","Polymarket: CTF Exchange","21.8394","$21.84","USD Coin (PoS)(USDC.e)"
"0xc3e885b27f1ecb3853363fd7a7c645f947029dcc883e1301138969d2449a051c","Success","Trade","84958046","2026-04-01 09:35:29","0x751a2b86cab503496efd325c8344e10159349ea1","Polymarket: Sharky6999","0x4bfb41d5b3570defd03c39a9a4d8de6bd8b8982e","Polymarket: CTF Exchange","990","$990.00","USD Coin (PoS)(USDC.e)"
"0xdcee9e08b3dc7a0ff5a26636b9f3527fa27ac12b95efcc9d83dcf06456243783","Success","Trade","84958045","2026-04-01 09:35:27","0x751a2b86cab503496efd325c8344e10159349ea1","Polymarket: Sharky6999","0x4bfb41d5b3570defd03c39a9a4d8de6bd8b8982e","Polymarket: CTF Exchange","10.8405","$10.84","USD Coin (PoS)(USDC.e)"
"0x2c69ebcb70bbc6fbf80d85c023da40fd4890bfc589ea635ff782fff0bff39fa3","Success","Trade","84958044","2026-04-01 09:35:25","0x751a2b86cab503496efd325c8344e10159349ea1","Polymarket: Sharky6999","0x4bfb41d5b3570defd03c39a9a4d8de6bd8b8982e","Polymarket: CTF Exchange","10.6623","$10.66","USD Coin (PoS)(USDC.e)"
"0x398725c2351d670f2e7a22008e830b813a1f75e8492c9ad948fbb25e1192ae33","Success","Trade","84958043","2026-04-01 09:35:23","0x751a2b86cab503496efd325c8344e10159349ea1","Polymarket: Sharky6999","0x4bfb41d5b3570defd03c39a9a4d8de6bd8b8982e","Polymarket: CTF Exchange","10.5534","$10.55","USD Coin (PoS)(USDC.e)"
"0xca240c6325e8205ac7ae86d32361d248181e5bd383d46bcc471dafbe3db5e8e8","Success","Trade","84958042","2026-04-01 09:35:21","0x751a2b86cab503496efd325c8344e10159349ea1","Polymarket: Sharky6999","0x4bfb41d5b3570defd03c39a9a4d8de6bd8b8982e","Polymarket: CTF Exchange","17.3151","$17.32","USD Coin (PoS)(USDC.e)"
"0xf01aca4f3dd62d8d9e6b35851536818ca399208d6a4377dfceccaa6ebc31169f","Success","Trade","84958042","2026-04-01 09:35:21","0x751a2b86cab503496efd325c8344e10159349ea1","Polymarket: Sharky6999","0x4bfb41d5b3570defd03c39a9a4d8de6bd8b8982e","Polymarket: CTF Exchange","8.415","$8.42","USD Coin (PoS)(USDC.e)"
"0x77cf278b6d962997f21b496ab318aa97e14b1fbf9377ac21d1d4fac88ed0c147","Success","Trade","84958042","2026-04-01 09:35:21","0x751a2b86cab503496efd325c8344e10159349ea1","Polymarket: Sharky6999","0x4bfb41d5b3570defd03c39a9a4d8de6bd8b8982e","Polymarket: CTF Exchange","10.7217","$10.72","USD Coin (PoS)(USDC.e)"
"0x65243b333f71faafad36984b02fc64c13c83e116b7b37f450be546db65646698","Success","Trade","84958042","2026-04-01 09:35:21","0x751a2b86cab503496efd325c8344e10159349ea1","Polymarket: Sharky6999","0x4bfb41d5b3570defd03c39a9a4d8de6bd8b8982e","Polymarket: CTF Exchange","6.435","$6.44","USD Coin (PoS)(USDC.e)"
"0x2e74dd8662726bf2e32d794d4bf71bfff4499663cc70f26596a926f5af97c227","Success","Trade","84958041","2026-04-01 09:35:19","0x751a2b86cab503496efd325c8344e10159349ea1","Polymarket: Sharky6999","0x4bfb41d5b3570defd03c39a9a4d8de6bd8b8982e","Polymarket: CTF Exchange","13.0383","$13.04","USD Coin (PoS)(USDC.e)"
"0x7eb1522c3da9468b7353e959c43456ece1feb506b57932fb54edf2238542f99e","Success","Trade","84958041","2026-04-01 09:35:19","0x751a2b86cab503496efd325c8344e10159349ea1","Polymarket: Sharky6999","0x4bfb41d5b3570defd03c39a9a4d8de6bd8b8982e","Polymarket: CTF Exchange","3.2868","$3.29","USD Coin (PoS)(USDC.e)"
"0xa55f90348e51f7d1cbe7aed5688b3f79ea6e0b726a7df5b6c7737988383395e5","Success","Trade","84958041","2026-04-01 09:35:19","0x751a2b86cab503496efd325c8344e10159349ea1","Polymarket: Sharky6999","0x4bfb41d5b3570defd03c39a9a4d8de6bd8b8982e","Polymarket: CTF Exchange","63.6075","$63.61","USD Coin (PoS)(USDC.e)"
"0xea2a9c09a09bbb9c22b6309a9a37218ccfa836ac7356310f7315d5d9b7f6935d","Success","Trade","84958041","2026-04-01 09:35:19","0x751a2b86cab503496efd325c8344e10159349ea1","Polymarket: Sharky6999","0x4bfb41d5b3570defd03c39a9a4d8de6bd8b8982e","Polymarket: CTF Exchange","1.3068","$1.31","USD Coin (PoS)(USDC.e)"
"0x53af0740bc349209fee0723b0eea15618b6c6c4328b9af8828d2e4c93881ca18","Success","Trade","84958040","2026-04-01 09:35:17","0x751a2b86cab503496efd325c8344e10159349ea1","Polymarket: Sharky6999","0x4bfb41d5b3570defd03c39a9a4d8de6bd8b8982e","Polymarket: CTF Exchange","2.3661","$2.37","USD Coin (PoS)(USDC.e)"
"0x8400fffe4cc45d3e5a6686fc8dc16bf9c294e1b98433708952997e85a0986753","Success","Trade","84958040","2026-04-01 09:35:17","0x751a2b86cab503496efd325c8344e10159349ea1","Polymarket: Sharky6999","0x4bfb41d5b3570defd03c39a9a4d8de6bd8b8982e","Polymarket: CTF Exchange","22.1265","$22.13","USD Coin (PoS)(USDC.e)"
"0x079b99417807054ece3aa59f33f6d9efaeab646f2451a09234f9544b165393ef","Success","Trade","84958040","2026-04-01 09:35:17","0x751a2b86cab503496efd325c8344e10159349ea1","Polymarket: Sharky6999","0x4bfb41d5b3570defd03c39a9a4d8de6bd8b8982e","Polymarket: CTF Exchange","1.2474","$1.25","USD Coin (PoS)(USDC.e)"
"0xc00c60353451f7fbc2f34c26ece042a39ee2572fd7ea39d8b2a2f0bbc994406c","Success","Trade","84958039","2026-04-01 09:35:15","0x751a2b86cab503496efd325c8344e10159349ea1","Polymarket: Sharky6999","0x4bfb41d5b3570defd03c39a9a4d8de6bd8b8982e","Polymarket: CTF Exchange","8.1873","$8.19","USD Coin (PoS)(USDC.e)"
"0xe41ef250433250389044434c43fc861baabd290db843bf3926c63d4b5660cfdd","Success","Trade","84958039","2026-04-01 09:35:15","0x751a2b86cab503496efd325c8344e10159349ea1","Polymarket: Sharky6999","0x4bfb41d5b3570defd03c39a9a4d8de6bd8b8982e","Polymarket: CTF Exchange","22.2849","$22.28","USD Coin (PoS)(USDC.e)"
"0xc8dc7bff0612b25dc1dd6215bf5e2f95cc297b472cd3ecefe3aab0ef7ad66c29","Success","Trade","84958039","2026-04-01 09:35:15","0x751a2b86cab503496efd325c8344e10159349ea1","Polymarket: Sharky6999","0x4bfb41d5b3570defd03c39a9a4d8de6bd8b8982e","Polymarket: CTF Exchange","22.5126","$22.51","USD Coin (PoS)(USDC.e)"
"0x4537e687d367b2520a5c6c997ce8d903afca53376b010966fbe5a0fbad3a3d36","Success","Trade","84958039","2026-04-01 09:35:15","0x751a2b86cab503496efd325c8344e10159349ea1","Polymarket: Sharky6999","0x4bfb41d5b3570defd03c39a9a4d8de6bd8b8982e","Polymarket: CTF Exchange","9.7218","$9.72","USD Coin (PoS)(USDC.e)"
"0x6199bb68e2aee18bae7242890a861ec595d11d60603080a93d23c3301297c2f6","Success","Trade","84958039","2026-04-01 09:35:15","0x751a2b86cab503496efd325c8344e10159349ea1","Polymarket: Sharky6999","0x4bfb41d5b3570defd03c39a9a4d8de6bd8b8982e","Polymarket: CTF Exchange","11.0286","$11.03","USD Coin (PoS)(USDC.e)"
"0x695a2114bf155f16f3b6a1fdc18036c7b1c2f2dc6e922723821c1fe7921d827f","Success","Trade","84958038","2026-04-01 09:35:13","0x751a2b86cab503496efd325c8344e10159349ea1","Polymarket: Sharky6999","0x4bfb41d5b3570defd03c39a9a4d8de6bd8b8982e","Polymarket: CTF Exchange","17.4141","$17.41","USD Coin (PoS)(USDC.e)"
"0x180320e20bb459d4558c0efa40631759486c4905cd62bf6f8287268f096bca53","Success","Trade","84958038","2026-04-01 09:35:13","0x751a2b86cab503496efd325c8344e10159349ea1","Polymarket: Sharky6999","0x4bfb41d5b3570defd03c39a9a4d8de6bd8b8982e","Polymarket: CTF Exchange","6.831","$6.83","USD Coin (PoS)(USDC.e)"
"0x4bc5d2c0c60727c50136588ccbddde6eb21ba4624b1c5ffaf3a4020efcb7b7b3","Success","Trade","84958038","2026-04-01 09:35:13","0x751a2b86cab503496efd325c8344e10159349ea1","Polymarket: Sharky6999","0x4bfb41d5b3570defd03c39a9a4d8de6bd8b8982e","Polymarket: CTF Exchange","2.574","$2.57","USD Coin (PoS)(USDC.e)"
"0xf7e5a910ac6479fd740ffc9a165b2a160a0a52bad71897d7764691dab983f531","Success","Trade","84958038","2026-04-01 09:35:13","0x751a2b86cab503496efd325c8344e10159349ea1","Polymarket: Sharky6999","0x4bfb41d5b3570defd03c39a9a4d8de6bd8b8982e","Polymarket: CTF Exchange","45.3222","$45.32","USD Coin (PoS)(USDC.e)"
"0x0959a0e14bb51b91330204a7ec05b4353098cf9ec0c0ef6ce7093bc6e702db7f","Success","Trade","84958038","2026-04-01 09:35:13","0x751a2b86cab503496efd325c8344e10159349ea1","Polymarket: Sharky6999","0x4bfb41d5b3570defd03c39a9a4d8de6bd8b8982e","Polymarket: CTF Exchange","110.3058","$110.31","USD Coin (PoS)(USDC.e)"
"0x9f6c01ae7b91793d539e91aa1700f2c86bf28c95e79816a8ffd75a6cdd083d87","Success","Trade","84958038","2026-04-01 09:35:13","0x751a2b86cab503496efd325c8344e10159349ea1","Polymarket: Sharky6999","0x4bfb41d5b3570defd03c39a9a4d8de6bd8b8982e","Polymarket: CTF Exchange","4.851","$4.85","USD Coin (PoS)(USDC.e)"
"0x77a030792a9e352b18889b64c71e5a2aa93ff1d606227bbfa93e70dbf0178506","Success","Trade","84958038","2026-04-01 09:35:13","0x751a2b86cab503496efd325c8344e10159349ea1","Polymarket: Sharky6999","0x4bfb41d5b3570defd03c39a9a4d8de6bd8b8982e","Polymarket: CTF Exchange","1.3068","$1.31","USD Coin (PoS)(USDC.e)"
"0x718957f5fec2e1b80b79e9e945c5dfc8965915ec148a2f5e7ed16021855e5e45","Success","Trade","84958038","2026-04-01 09:35:13","0x751a2b86cab503496efd325c8344e10159349ea1","Polymarket: Sharky6999","0x4bfb41d5b3570defd03c39a9a4d8de6bd8b8982e","Polymarket: CTF Exchange","19.4535","$19.45","USD Coin (PoS)(USDC.e)"
"0xd8643236cf387af565c4f7fb656a509e78df212ea039be5c22c78c1fa121970e","Success","Trade","84958038","2026-04-01 09:35:13","0x751a2b86cab503496efd325c8344e10159349ea1","Polymarket: Sharky6999","0x4bfb41d5b3570defd03c39a9a4d8de6bd8b8982e","Polymarket: CTF Exchange","1.8018","$1.80","USD Coin (PoS)(USDC.e)"
"0xac3f152f5ae165d84af7f0c876c298fda8c1838b9dcb31591e080ca8673bb17b","Success","Trade","84958038","2026-04-01 09:35:13","0x751a2b86cab503496efd325c8344e10159349ea1","Polymarket: Sharky6999","0x4bfb41d5b3570defd03c39a9a4d8de6bd8b8982e","Polymarket: CTF Exchange","11.6226","$11.62","USD Coin (PoS)(USDC.e)"
"0xf710de3e2cf981b1de71f3b7149897a9ac663064389e3f0c774c4b699b5a21e5","Success","Trade","84958038","2026-04-01 09:35:13","0x751a2b86cab503496efd325c8344e10159349ea1","Polymarket: Sharky6999","0x4bfb41d5b3570defd03c39a9a4d8de6bd8b8982e","Polymarket: CTF Exchange","44.4609","$44.46","USD Coin (PoS)(USDC.e)"
"0x6f8f678b1ff3d5c8a352d9de9475858004da4baf1ae278740ba9d049c6495284","Success","Trade","84958038","2026-04-01 09:35:13","0x751a2b86cab503496efd325c8344e10159349ea1","Polymarket: Sharky6999","0x4bfb41d5b3570defd03c39a9a4d8de6bd8b8982e","Polymarket: CTF Exchange","6.732","$6.73","USD Coin (PoS)(USDC.e)"
"0x3f990c42cdc12a30587e501d7fb0ee9d56ea053681d43c16f21e16815e935858","Success","Trade","84958037","2026-04-01 09:35:11","0x751a2b86cab503496efd325c8344e10159349ea1","Polymarket: Sharky6999","0x4bfb41d5b3570defd03c39a9a4d8de6bd8b8982e","Polymarket: CTF Exchange","1,901.988","$1,901.99","USD Coin (PoS)(USDC.e)"
"0x29917ef48dde21d7f6421f49ba0e437a05cc8937e46a64b3556468c910a714b2","Success","Trade","84957782","2026-04-01 09:26:41","0x751a2b86cab503496efd325c8344e10159349ea1","Polymarket: Sharky6999","0x4bfb41d5b3570defd03c39a9a4d8de6bd8b8982e","Polymarket: CTF Exchange","5.68431","$5.68","USD Coin (PoS)(USDC.e)"
"0x9cdcbf616b19826f8f096fd5a3ad8bad71864e2bb5e1beb26e1338f44e81fe07","Success","Trade","84957778","2026-04-01 09:26:33","0x751a2b86cab503496efd325c8344e10159349ea1","Polymarket: Sharky6999","0x4bfb41d5b3570defd03c39a9a4d8de6bd8b8982e","Polymarket: CTF Exchange","16.64334","$16.64","USD Coin (PoS)(USDC.e)"
"0xbd624de519723817f3a0339cc3188532f6ea6b3073d60ab59135c0e8138f6441","Success","Trade","84957775","2026-04-01 09:26:27","0x751a2b86cab503496efd325c8344e10159349ea1","Polymarket: Sharky6999","0x4bfb41d5b3570defd03c39a9a4d8de6bd8b8982e","Polymarket: CTF Exchange","11.61837","$11.62","USD Coin (PoS)(USDC.e)"
"0x60a9b4c5fbc6be807152e9808da1903ce269abc3600615c5e5b2a176e77b52ad","Success","Trade","84957774","2026-04-01 09:26:25","0x751a2b86cab503496efd325c8344e10159349ea1","Polymarket: Sharky6999","0x4bfb41d5b3570defd03c39a9a4d8de6bd8b8982e","Polymarket: CTF Exchange","5.80419","$5.80","USD Coin (PoS)(USDC.e)"
"0xf532454bc2be00d051b8847ad09238f1cd31a16d7e60c081cefd9eee54cbf181","Success","Trade","84957770","2026-04-01 09:26:17","0x751a2b86cab503496efd325c8344e10159349ea1","Polymarket: Sharky6999","0x4bfb41d5b3570defd03c39a9a4d8de6bd8b8982e","Polymarket: CTF Exchange","3.63636","$3.64","USD Coin (PoS)(USDC.e)"
"0xf78b387a6e86b80cd9ca278920c38e5197901dc945b52eb40090959bae0a71c7","Success","Trade","84957767","2026-04-01 09:26:11","0x751a2b86cab503496efd325c8344e10159349ea1","Polymarket: Sharky6999","0x4bfb41d5b3570defd03c39a9a4d8de6bd8b8982e","Polymarket: CTF Exchange","3.38661","$3.39","USD Coin (PoS)(USDC.e)"
"0x4cb300f001f306426298aac9e55e679d3208e46a45bdd05af797b7ff3b3f6628","Success","Trade","84957765","2026-04-01 09:26:07","0x751a2b86cab503496efd325c8344e10159349ea1","Polymarket: Sharky6999","0x4bfb41d5b3570defd03c39a9a4d8de6bd8b8982e","Polymarket: CTF Exchange","6.12387","$6.12","USD Coin (PoS)(USDC.e)"
"0x9acf332961f83389f153d884715d152b9f31e134eedfdc5f7b832a8dfb11502b","Success","Trade","84957762","2026-04-01 09:26:01","0x751a2b86cab503496efd325c8344e10159349ea1","Polymarket: Sharky6999","0x4bfb41d5b3570defd03c39a9a4d8de6bd8b8982e","Polymarket: CTF Exchange","54.06588","$54.07","USD Coin (PoS)(USDC.e)"
"0x9c60175b83dc2356750b7230b22e2dd401a632d030fc4e09085cbf60cb3982dc","Success","Trade","84957759","2026-04-01 09:25:55","0x751a2b86cab503496efd325c8344e10159349ea1","Polymarket: Sharky6999","0x4bfb41d5b3570defd03c39a9a4d8de6bd8b8982e","Polymarket: CTF Exchange","2.34765","$2.35","USD Coin (PoS)(USDC.e)"
"0xe83e0b329bec6fbbd45c41e3ea4b8906196af324711bc146d0dc85fd750bbb6e","Success","Trade","84957757","2026-04-01 09:25:51","0x751a2b86cab503496efd325c8344e10159349ea1","Polymarket: Sharky6999","0x4bfb41d5b3570defd03c39a9a4d8de6bd8b8982e","Polymarket: CTF Exchange","4.97502","$4.98","USD Coin (PoS)(USDC.e)"
"0xce53c321950d2d126e9772a5ae8bdd9b3045fa4d0535d5a5e4a6df84466e0f29","Success","Trade","84957756","2026-04-01 09:25:49","0x751a2b86cab503496efd325c8344e10159349ea1","Polymarket: Sharky6999","0x4bfb41d5b3570defd03c39a9a4d8de6bd8b8982e","Polymarket: CTF Exchange","369.83979","$369.84","USD Coin (PoS)(USDC.e)"
"0x611a097bc3675765dcb48868257a7c6d12217a9bf46c53d4074ee642433ba792","Success","Trade","84957755","2026-04-01 09:25:47","0x751a2b86cab503496efd325c8344e10159349ea1","Polymarket: Sharky6999","0x4bfb41d5b3570defd03c39a9a4d8de6bd8b8982e","Polymarket: CTF Exchange","28.971","$28.97","USD Coin (PoS)(USDC.e)"
"0xf59a1443a85b4cdb9f843af6dde84ac8c0e8ebe166177c86b22d4bf590d1ec0a","Success","Trade","84957754","2026-04-01 09:25:45","0x751a2b86cab503496efd325c8344e10159349ea1","Polymarket: Sharky6999","0x4bfb41d5b3570defd03c39a9a4d8de6bd8b8982e","Polymarket: CTF Exchange","28.971","$28.97","USD Coin (PoS)(USDC.e)"
"0xccc4cd27f64507f868bc7869870afacbad2f43f7d8db4434a9ba374540a5d505","Success","Trade","84957754","2026-04-01 09:25:45","0x751a2b86cab503496efd325c8344e10159349ea1","Polymarket: Sharky6999","0x4bfb41d5b3570defd03c39a9a4d8de6bd8b8982e","Polymarket: CTF Exchange","12.15783","$12.16","USD Coin (PoS)(USDC.e)"
"0x243c6acb52797833bb6b4f4542e10d93eff5f20da52ca651552c2c0e24afb4f7","Success","Trade","84957754","2026-04-01 09:25:45","0x751a2b86cab503496efd325c8344e10159349ea1","Polymarket: Sharky6999","0x4bfb41d5b3570defd03c39a9a4d8de6bd8b8982e","Polymarket: CTF Exchange","28.971","$28.97","USD Coin (PoS)(USDC.e)"
"0xda48784c60c21b3a35cf493309fc3dcd606820e07034b50c53e373fec28cf51f","Success","Trade","84957753","2026-04-01 09:25:43","0x751a2b86cab503496efd325c8344e10159349ea1","Polymarket: Sharky6999","0x4bfb41d5b3570defd03c39a9a4d8de6bd8b8982e","Polymarket: CTF Exchange","1.31868","$1.32","USD Coin (PoS)(USDC.e)"
"0x12d344cb67021e80384f604f509b1e45ea235a2ade18127418ef5f9e375a6151","Success","Trade","84957753","2026-04-01 09:25:43","0x751a2b86cab503496efd325c8344e10159349ea1","Polymarket: Sharky6999","0x4bfb41d5b3570defd03c39a9a4d8de6bd8b8982e","Polymarket: CTF Exchange","29.96001","$29.96","USD Coin (PoS)(USDC.e)"
"0xb3fc53e29265ac31a71c94fba1a0b7ade815694091c2aa5f849680fbf6d7dfe9","Success","Trade","84957752","2026-04-01 09:25:41","0x751a2b86cab503496efd325c8344e10159349ea1","Polymarket: Sharky6999","0x4bfb41d5b3570defd03c39a9a4d8de6bd8b8982e","Polymarket: CTF Exchange","0.04995","$0.05","USD Coin (PoS)(USDC.e)"
"0xc8f8abfd55a1f378b33f62feab97afa8fe885cb370197ab0184f1d70e6cfdd09","Success","Trade","84957752","2026-04-01 09:25:41","0x751a2b86cab503496efd325c8344e10159349ea1","Polymarket: Sharky6999","0x4bfb41d5b3570defd03c39a9a4d8de6bd8b8982e","Polymarket: CTF Exchange","61.35858","$61.36","USD Coin (PoS)(USDC.e)"
"0x1382f114d4ae40cdfdbce3c0f8410c635cb6542c5e222f7cad93fba1627faf39","Success","Trade","84957751","2026-04-01 09:25:39","0x751a2b86cab503496efd325c8344e10159349ea1","Polymarket: Sharky6999","0x4bfb41d5b3570defd03c39a9a4d8de6bd8b8982e","Polymarket: CTF Exchange","446.19336","$446.19","USD Coin (PoS)(USDC.e)"
"0xd1907ccc41572b34701371c2247b26cb65786c6df6eb09170ab5ecd13e29219f","Success","Trade","84957751","2026-04-01 09:25:39","0x751a2b86cab503496efd325c8344e10159349ea1","Polymarket: Sharky6999","0x4bfb41d5b3570defd03c39a9a4d8de6bd8b8982e","Polymarket: CTF Exchange","4,995","$4,995.00","USD Coin (PoS)(USDC.e)"
"0x221bd4b05b36a28b021e596ea268807a3cddba16732646cf3c978520c78b366f","Success","Trade","84957749","2026-04-01 09:25:35","0x751a2b86cab503496efd325c8344e10159349ea1","Polymarket: Sharky6999","0x4bfb41d5b3570defd03c39a9a4d8de6bd8b8982e","Polymarket: CTF Exchange","10.16982","$10.17","USD Coin (PoS)(USDC.e)"
"0x2fc825959bd79aa9c06791aed74afbe3e382554cb4c36e0ee27fd1460dd7e062","Success","Trade","84957749","2026-04-01 09:25:35","0x751a2b86cab503496efd325c8344e10159349ea1","Polymarket: Sharky6999","0x4bfb41d5b3570defd03c39a9a4d8de6bd8b8982e","Polymarket: CTF Exchange","1.16883","$1.17","USD Coin (PoS)(USDC.e)"
"0x6d1327dc73eeabda21d325ac7c3096a592ee1fa7f59c45c380154f95b693b1e9","Success","Trade","84957748","2026-04-01 09:25:33","0x751a2b86cab503496efd325c8344e10159349ea1","Polymarket: Sharky6999","0x4bfb41d5b3570defd03c39a9a4d8de6bd8b8982e","Polymarket: CTF Exchange","73.58634","$73.59","USD Coin (PoS)(USDC.e)"
"0x2bf7866c0367efed81e93339462ed0c9a2591c0e1282df5958cd3354e29958d4","Success","Trade","84957748","2026-04-01 09:25:33","0x751a2b86cab503496efd325c8344e10159349ea1","Polymarket: Sharky6999","0x4bfb41d5b3570defd03c39a9a4d8de6bd8b8982e","Polymarket: CTF Exchange","0.16983","$0.17","USD Coin (PoS)(USDC.e)"
"0x7e511605dbdd77843a1e1323f5272fad383e406c171af0c343e9d0a2d61ec062","Success","Trade","84957748","2026-04-01 09:25:33","0x751a2b86cab503496efd325c8344e10159349ea1","Polymarket: Sharky6999","0x4bfb41d5b3570defd03c39a9a4d8de6bd8b8982e","Polymarket: CTF Exchange","9.3906","$9.39","USD Coin (PoS)(USDC.e)"
"0x539d9c3ee93d96397858d1074a113b9dabac5c935634cbe871d123fde2b137cd","Success","Trade","84957747","2026-04-01 09:25:31","0x751a2b86cab503496efd325c8344e10159349ea1","Polymarket: Sharky6999","0x4bfb41d5b3570defd03c39a9a4d8de6bd8b8982e","Polymarket: CTF Exchange","61.58835","$61.59","USD Coin (PoS)(USDC.e)"